{
  "saved_at": "2026-05-16T12:41:54.740337",
  "n_sessions": 1,
  "means": {
    "MeanNN": 522.0424840311205,
    "MedianNN": 491.27272727272725,
    "IQRNN": 171.70454545454547,
    "MADNN": 78.22727272727273,
    "SDNN": 157.22631531019195,
    "RMSSD": 167.08673264789797,
    "MeanHR": 124.5475532774788,
    "StdHR": 33.24697592319284,
    "LF_power": NaN,
    "HF_power": NaN,
    "LFHF": NaN,
    "BeatDensity": 4.840909090909091,
    "motion_std": 0.03710568784963948
  },
  "stds": {
    "MeanNN": 47.02032273775066,
    "MedianNN": 33.254596401372574,
    "IQRNN": 84.10483177126466,
    "MADNN": 40.95751679262528,
    "SDNN": 43.48451898669974,
    "RMSSD": 31.024407365412408,
    "MeanHR": 10.415053828670759,
    "StdHR": 6.611858245961607,
    "LF_power": NaN,
    "HF_power": NaN,
    "LFHF": NaN,
    "BeatDensity": 1.1197808227100028,
    "motion_std": 0.016090854215368256
  }
}